2-factor score,5-factor score,Age,Albumin < 4,Alive Status,Baseline neutrophil to lymphocyte ratio,Bellmunt Score,Best Response RECIST 1.1,Best response mRECIST,ECOG >0,Hb < 10,Liver Mets,Number of chemo regimens for mestatic disease,Number of chemo regimens total,Number of systemic regimens total,Number of sytemic regimens for metastatic disease,OS in days,Ongoing Responder RECIST 1.1,PD-L1,PFS (RECIST 1.1) in days,PFS (mRECIST 1.1) in days,Pack Years,"Previous perioperative chemotherapy, with first progression Â²12 months",Prior BCG,Sequence Path,Sex,Site of Primary Tumor,Smoking,Still on Treatment,TFLC  < 3mo,Time from Diagnosis with Metastatic Disease (months),Time on Treatment,Time since last chemotherapy,Timing of Sample (days prior to C1D1),Unnamed: 37,Unnamed: 38,Unnamed: 39,Unnamed: 40,Unnamed: 41,Unnamed: 42,Variant Histology,Visceral Mets,bam_id_dna_normal,bam_id_dna_tumor,bam_id_rna_tumor,benefit,deceased,hla_allele_list,is_benefit,is_benefit_os,is_deceased,is_late_deceased,is_progressed,is_progressed_or_deceased,os,patient_id,pfs,progressed,progressed_or_deceased,sample_id_dna_normal,sample_id_dna_tumor,sample_id_rna_tumor
,3.0,71,0,N,2.22,2.0,Only scanned baseline,Only scanned at baseline,1,0,1,3,3,3,3,24,N,IC0,20,20,15,N,Y,TURBT,M,B,Y,N,1.0,22.0,0,87.0,18.0,,,,,,,N,1,41f31e9f603545c1bf8c7bed970707da,a77139d21e2241048b2fdcefb8c9c55c,gerald_H5NKVBBXX_6_TCCGCGAA-TATAGCCT,False,True,"[A*02:01, A*32:01, B*53:01, B*18:01, C*07:01, C*04:01]",False,False,True,False,True,True,24,0040,20,True,True,0040_S14-38354,M1502385,M1502431
,1.0,68,0,N,4.25,1.0,PD,SD,1,0,0,0,1,2,1,329,N,IC0,61,187,0,N,N,RC,M,B,N,N,0.0,5.0,210,416.0,601.0,,,,,,,N,1,b7784df09aca4eaa9c21ac12385d816a,fad31e86c1ec41f3895fddbc7d9226ce,gerald_H5NKVBBXX_6_AGCGATAG-TATAGCCT,False,True,"[A*02:01, A*68:01, B*35:03, B*51:01, C*14:02, C*04:01]",False,False,True,True,True,True,329,0471,61,True,True,0471_SYS12-10161,M1502382,M1502429
,2.0,46,0,N,4.37,2.0,PD,PD,1,0,1,1,1,1,1,76,N,IC1,58,58,60,N,Y,LN dissection,M,B,Y,N,0.0,11.0,42,231.0,169.0,,,,,,,Y,1,c43a3f07fec840568875366dc7ccdb9c,f9691ca345654958aa29dfad35652644,gerald_H5NKVBBXX_5_CGCTCATT-ATAGAGGC,False,True,"[A*24:02, A*30:01, B*57:01, B*52:01, C*12:02, C*06:02]",False,False,True,False,True,True,76,0522,58,True,True,0522_OSH: SP14-6779,M1502366,M1502439
,3.0,66,0,Y,4.22,2.0,PR,PR,1,0,1,1,2,2,1,724,N,IC2,398,398,45,N,N,RC,M,B,Y,Y,1.0,10.0,724,78.0,524.0,,,,,,,N,1,d7b5dc7be5464c44b0634b2ed31f0d70,f3712973822746eb8f844dc8e45c5ddd,gerald_H5NKVBBXX_5_ATTACTCG-TATAGCCT,True,False,"[A*26:01, A*11:01, B*35:01, B*27:05, C*07:02, C*02:02]",True,True,False,True,True,True,724,1233,398,True,True,1233_S13-5121 5_4L,M1502378,M1502425
,4.0,78,0,N,1.53,3.0,Only scanned at baseline,Only scanned at baseline,1,1,1,1,1,1,1,54,N,IC2,41,41,0,N,N,RC,F,B,N,N,1.0,5.0,31,26.0,141.0,,,,,,,N,1,c6da2e21f5574acd9118e5866147bf63,dd8bd791bc9e4632a326e61531377627,gerald_H5NKVBBXX_5_TCCGGAGA-TATAGCCT,False,True,"[A*03:01, A*68:01, B*35:01, B*44:02, C*05:01, C*04:01]",False,False,True,False,True,True,54,1249,41,True,True,1249_S14-22404,M1502367,M1502412
,3.0,69,1,N,6.67,2.0,SD,SD,1,1,0,2,3,4,3,468,N,IC2,265,265,100,N,N,RC,M,B,Y,N,0.0,34.0,261,315.0,1415.0,,,,,,,Y,1,86571f2050fa4a9bb0d57abbda04f200,42a2666f754a41d59af5ce74581eac3d,gerald_H5NKVBBXX_7_CGCTCATT-TATAGCCT,True,True,"[A*11:01, A*01:01, B*50:01, B*35:25, C*04:01, C*06:02]",True,True,True,True,True,True,468,1849,265,True,True,1849_S10-56583 6_7L,M1502390,M1502435
,1.0,81,0,N,7.4,1.0,SD,SD,1,0,0,1,2,2,1,403,N,IC0,121,121,0,N,N,RC,F,B,N,N,0.0,13.0,161,351.0,652.0,,,,,,,Y,1,56f224819b0b42ff92722a2d1f38e7b8,f549d023f5b54657b842919210c0c58d,gerald_H5NKVBBXX_7_GAGATTCC-TATAGCCT,False,True,"[A*03:01, A*03:01, B*07:02, B*07:02, C*07:02, C*07:02]",False,True,True,True,True,True,403,1994,121,True,True,1994_S12-48509 4_7L,M1502381,M1502428
,1.0,61,0,Y,1.68,1.0,CR,CR,1,0,0,1,1,1,1,630,Y,IC2,560,560,0,N,N,TURBT,M,B,N,Y,0.0,7.0,630,98.0,227.0,,,,,,,N,0,50416ee62692420caea36f08f908c355,492e4b0554a543be909d32ea3a8223ff,gerald_H5NKVBBXX_7_TCCGGAGA-CCTATCCT,True,False,"[A*02:01, A*02:01, B*27:02, B*08:01, C*07:01, C*02:02]",True,True,False,True,False,False,630,2131,560,False,False,2131_S14-11099 2_2 GU,M1502376,M1502421
,1.0,62,0,Y,2.71,1.0,CR,CR,1,0,0,0,1,2,0,702,Y,IC1,655,655,0,Y,N,RC,M,B,N,Y,0.0,3.0,702,348.0,314.0,,,,,,,N,0,cdd4327eb8284aa5907aae82992b17c7,a994cc1b56604ddba0ce2cd7e786cfc8,gerald_H5NKVBBXX_7_ATTCAGAA-TATAGCCT,True,False,"[A*24:02, A*02:01, B*27:02, B*14:02, C*08:02, C*02:02]",True,True,False,True,False,False,702,2278,655,False,False,2278_S13-47848 7_9PV,M1502383,M1502430
1.0,,66,0,Y,3.13,,CR,CR,1,0,0,0,0,0,0,651,Y,IC2,646,646,10,N,N,NephroU,M,UT,Y,Y,,1.0,651,,176.0,,,,,,,N,0,a01c6d02c207434283de99921fafd3a8,9ef020c408684a5e90ffbec62001a72f,gerald_H5NKVBBXX_7_GAATTCGT-TATAGCCT,True,False,"[A*24:02, A*01:01, B*38:01, B*40:01, C*12:03, C*03:04]",True,True,False,True,False,False,651,2389,646,False,False,2389_S14-26091,M1502371,M1502416
,1.0,59,0,N,9.67,1.0,PD,PD,1,0,0,1,1,1,1,586,N,IC1,75,75,10,N,N,Prostate Bx,M,B,Y,N,0.0,2.0,301,317.0,621.0,,,,,,,Y,1,ffaac7dd973042b1ae868ccff9e21d94,065b7b20a9714d289eff785ff3979532,gerald_H5NKVBBXX_7_CTGAAGCT-TATAGCCT,False,True,"[A*02:01, A*03:01, B*07:02, B*27:05, C*07:02, C*01:02]",False,True,True,True,True,True,586,2849,75,True,True,2849_S12-59715-1,M1502380,M1502427
,4.0,73,1,N,4.06,2.0,SD,SD,1,0,1,2,3,3,2,44,N,IC2,37,37,32,N,Y,TURBT,M,B,Y,N,1.0,17.0,21,77.0,3344.0,,,,,,,N,1,ad1e7c2ce3b54b498b101546688526f1,15e69e4afe2b4165b830216ec742f9e8,gerald_H5NKVBBXX_4_TAATGCGC-TATAGCCT,False,True,"[A*32:01, A*23:01, B*35:03, B*18:01, C*12:03, C*04:01]",False,False,True,False,True,True,44,2937,37,True,True,2937_S05-29839 1_1,M1502373,M1502418
,1.0,72,0,N,3.0,1.0,PD ,PD,1,0,0,1,1,1,1,182,N,IC1,64,64,40,N,Y,RC,M,B,Y,N,0.0,2.0,108,960.0,896.0,,,,,,,N,1,ac137187664f496ca6270eed8e78629d,acbba8d01a6d4930b6c12b44015625ee,gerald_H5NKVBBXX_4_CGGCTATG-TATAGCCT,False,True,"[A*24:02, A*02:05, B*50:02, B*50:01, C*06:02, C*06:02]",False,False,True,True,True,True,182,3529,64,True,True,3529_S12-3955 4_10_F3,M1502379,M1502426
,2.0,60,0,Y,4.1,1.0,CR,CR,1,0,0,2,2,2,2,610,Y,IC2,561,561,0,N,N,NephroU,M,UT,N,Y,1.0,27.0,610,70.0,943.0,,,,,,,Y,0,cb5a0577237548c387c7323cedc1d0d3,976af08f8e4f4ab280c7c0e08778df4a,gerald_H5NKVBBXX_5_ATTACTCG-ATAGAGGC,True,False,"[A*26:01, A*02:02, B*38:01, B*40:02, C*12:03, C*02:02]",True,True,False,True,False,False,610,5037,561,False,False,5037_S12-16630 1_2 TSF,M1502391,M1502436
,2.0,73,0,Y,5.0,2.0,PR,PR,1,0,1,0,1,1,0,700,Y,IC2,565,565,45,Y,Y,RC,M,B,Y,N,0.0,8.0,588,149.0,519.0,,,,,,,Y,1,825ce44ad842442581f90eff9d5e897c,b35be15c0e7e472abf1386a783d24d42,gerald_H5NKVBBXX_5_TCCGGAGA-ATAGAGGC,True,False,"[A*24:02, A*32:01, B*55:01, B*38:01, C*12:03, C*03:03]",True,True,False,True,False,False,700,5122,565,False,False,"5122_S13-9876, 3_8L",M1502384,M1502440
,2.0,62,0,N,8.18,2.0,PD,PD,1,0,1,1,1,1,1,266,N,IC1,67,67,45,N,N,RC,M,B,Y,N,0.0,2.0,47,626.0,553.0,,,,,,,N,1,a21c86beb3324af8bd2578ea9415d2c3,65c272ab8d38462b904283603b252511,gerald_H5NKVBBXX_7_GAGATTCC-ATAGAGGC,False,True,"[A*24:02, A*02:01, B*40:02, B*40:01, C*03:04, C*02:02]",False,False,True,True,True,True,266,5338,67,True,True,5338_S13-10376 3-4L,M1502388,M1502434
,1.0,57,0,Y,2.0,1.0,CR,CR,1,0,0,0,1,1,0,652,N,IC1,252,252,0,Y,N,TURBT,M,B,N,N,0.0,0.0,317,182.0,355.0,,,,,,,Y,0,81e1b193774c4cbfa9246ee99e8f8bcf,ae5b848084184c3b9b7b006f5204c93f,gerald_H5NKVBBXX_5_ATTCAGAA-ATAGAGGC,True,False,"[A*32:01, A*30:01, B*35:02, B*13:02, C*06:02, C*04:01]",True,True,False,True,True,True,652,6229,252,True,True,6229_S15-50380,M1502368,M1502413
,4.0,80,1,N,9.43,2.0,PD,SD,1,1,0,1,2,3,1,163,N,IC1,61,110,15,N,N,RC,M,B,Y,N,1.0,8.0,63,63.0,474.0,,,,,,,N,1,04f47d3924584af29fc230474f70ed9a,19984f38435b4fcc8024370bae59f1fc,gerald_H5NKVBBXX_6_GAATTCGT-ATAGAGGC,False,True,"[A*26:01, A*66:01, B*41:02, B*27:05, C*17:01, C*02:02]",False,False,True,True,True,True,163,6428,61,True,True,6428_S13-25113 5_9L,M1502387,M1502433
1.0,,74,1,Y,4.09,,SD,SD,1,0,0,0,0,0,0,651,Y,IC1,650,650,60,N,Y,TURBT,M,B,Y,Y,,4.0,651,,710.0,,,,,,,Y,0,87e765c9b4de44a4a561d22365f5885a,949a7804465b4059b2155849451a56de,gerald_H5NKVBBXX_4_CTGAAGCT-ATAGAGGC,True,False,"[A*69:01, A*03:01, B*35:01, B*14:02, C*04:01, C*08:02]",True,True,False,True,False,False,651,6800,650,False,False,6800_OSH: TS-12-14437,M1502389,M1502441
,1.0,69,0,N,3.0,1.0,PD,PD,1,0,0,0,1,1,0,117,N,IC2,60,60,0,Y,N,RC,F,B,N,N,0.0,7.0,45,130.0,238.0,,,,,,,N,0,f307a3c8260244aeb9a59d82e6407efc,83cb3d52e72c4ee786849fba03d45c6d,gerald_H5NKVBBXX_4_TAATGCGC-ATAGAGGC,False,True,"[A*02:01, A*01:01, B*49:01, B*51:01, C*07:01, C*02:02]",False,False,True,True,True,True,117,7577,60,True,True,7577_S14-7038 1_7L,M1502372,M1502417
,2.0,63,0,N,2.13,2.0,PD,PD,1,0,1,1,3,3,1,354,N,IC1,60,60,0,N,Y,RC,M,B,N,N,0.0,10.0,105,130.0,441.0,,,,,,,Y,1,9db827a8acc04219accb28887b49bc34,b34cc97d9996439b887d547059c5c28f,gerald_H5NKVBBXX_6_CGGCTATG-ATAGAGGC,False,True,"[A*01:01, A*03:01, B*08:01, B*13:02, C*07:01, C*06:02]",False,False,True,True,True,True,354,7729,60,True,True,7729_S13-39493 3_12 LAW,M1502377,M1502422
,0.0,55,0,N,4.36,0.0,PD ,PD,0,0,0,1,1,1,1,546,N,IC1,61,61,60,N,N,RC,M,B,Y,N,0.0,2.0,355,617.0,551.0,,,,,,,N,0,2d605c3189fc47a7a4d59967075f3799,2fd0f78682fc4c0d85f3a3fd53b93645,gerald_H5NKVBBXX_6_TCCGCGAA-ATAGAGGC,False,True,"[A*29:02, A*29:02, B*44:03, B*51:01, C*16:01, C*15:02]",False,True,True,True,True,True,546,8728,61,True,True,8728_S13-17092 5_10L,M1502375,M1502420
,1.0,80,0,N,3.92,1.0,SD,SD,1,0,0,1,1,1,1,331,N,IC0,121,178,0,N,Y,TURBT,M,B,N,N,0.0,14.0,191,280.0,108.0,,,,,,,N,1,749e056d9b2a48d4be82ecac7f328498,9dee3c512e2e44fb8d05a33265830e2d,gerald_H5NKVBBXX_4_TCTCGCGC-ATAGAGGC,False,True,"[A*01:01, A*03:01, B*35:01, B*38:01, C*12:03, C*04:01]",False,False,True,True,True,True,331,9517,121,True,True,9517_S14-30425 1_1 GU,M1502369,M1502414
,3.0,61,1,N,4.15,2.0,Only scanned baseline,Only scanned baseline,1,0,1,1,2,2,1,22,N,IC2,19,19,0,N,Y,RC,M,B,N,N,0.0,7.0,0,229.0,197.0,,,,,,,N,1,29d2ba0261fa4426bf2cc0d9df25af82,2e6d92de2f7440da9e616376a147c68e,gerald_H5NKVBBXX_6_AGCGATAG-ATAGAGGC,False,True,"[A*24:02, A*01:01, B*07:02, B*08:01, C*07:02, C*07:01]",False,False,True,False,True,True,22,9723,19,True,True,9723_S14-15330,M1502374,M1502419
,3.0,78,0,N,5.83,2.0,Only scanned baseline,Only scanned at baseline,1,1,0,1,1,1,1,318,N,IC1,84,84,20,N,Y,RC,M,B,Y,N,1.0,8.0,70,54.0,416.0,,,,,,,N,0,5b22d535e71b4d04a9b3a8d51e6049cc,4b4781698fb341e0960625512b95ecff,gerald_H5NKVBBXX_5_ATTACTCG-CCTATCCT,False,True,"[A*24:02, A*02:01, B*07:02, B*15:01, C*03:03, C*07:02]",False,False,True,True,True,True,318,9881,84,True,True,9881_S13-31947 5_10 LLL,M1502386,M1502432
